date,value
20110101,67
20110103,68
20110104,68
20110105,67
20110106,64
20110107,63
20110108,61
20110110,58
20110111,58
20110112,58
20110113,58
20110114,60
20110115,60
20110118,56
20110119,55
20110120,54
20110121,47
20110122,47
20110124,45
20110125,43
20110126,43
20110127,43
20110128,43
20110129,40
20110131,41
20110201,41
20110202,46
20110203,47
20110204,49
20110205,52
20110207,56
20110208,56
20110209,56
20110210,56
20110211,56
20110212,56
20110214,61
20110215,61
20110216,61
20110217,61
20110218,56
20110219,55
20110222,42
20110223,42
20110224,42
20110225,42
20110226,43
20110228,43
20110301,43
20110302,42
20110303,41
20110304,39
20110305,35
20110307,35
20110308,27
20110309,26
20110310,26
20110311,26
20110312,19
20110314,13
20110315,13
20110316,11
20110317,9
20110318,9
20110319,10
20110321,14
20110322,15
20110323,16
20110324,16
20110325,19
20110326,21
20110328,23
20110329,23
20110330,24
20110331,24
20110401,27
20110402,31
20110404,31
20110405,35
20110406,37
20110407,37
20110408,37
20110409,37
20110411,34
20110412,33
20110413,33
20110414,30
20110415,28
20110416,24
20110418,24
20110419,24
20110420,25
20110421,30
20110423,30
20110425,35
20110426,36
20110427,37
20110428,37
20110429,41
20110430,38
20110502,36
20110503,31
20110504,30
20110505,29
20110506,27
20110507,27
20110509,28
20110510,31
20110511,31
20110512,32
20110513,32
20110514,28
20110516,27
20110517,27
20110518,25
20110519,23
20110520,22
20110521,22
20110523,16
20110524,13
20110525,13
20110526,15
20110527,16
20110528,16
20110531,16
20110601,15
20110602,12
20110603,9
20110604,9
20110606,6
20110607,6
20110608,6
20110609,6
20110610,5
20110611,5
20110613,6
20110614,5
20110615,5
20110616,6
20110617,7
20110618,7
20110620,9
20110621,9
20110622,10
20110623,10
20110624,11
20110625,11
20110627,25
20110628,29
20110629,30
20110630,32
20110701,34
20110702,40
20110705,51
20110706,52
20110707,48
20110708,43
20110709,40
20110711,35
20110712,31
20110713,31
20110714,31
20110715,32
20110716,35
20110718,44
20110719,44
20110720,47
20110721,48
20110722,51
20110723,51
20110725,38
20110726,35
20110727,27
20110728,27
20110729,16
20110730,15
20110801,10
20110802,8
20110803,2
20110804,5
20110805,5
20110806,5
20110808,1
20110809,2
20110810,2
20110811,3
20110812,6
20110813,6
20110815,7
20110816,11
20110817,7
20110818,7
20110819,6
20110820,6
20110822,7
20110823,9
20110824,8
20110825,11
20110826,12
20110827,17
20110829,22
20110830,22
20110831,28
20110901,26
20110902,26
20110903,26
20110906,27
20110907,28
20110908,25
20110909,25
20110910,25
20110912,31
20110913,31
20110914,31
20110915,33
20110916,38
20110917,35
20110919,39
20110920,32
20110921,31
20110922,28
20110923,28
20110924,26
20110926,26
20110927,25
20110928,27
20110929,23
20110930,22
20111001,20
20111003,20
20111004,23
20111005,27
20111006,33
20111007,31
20111008,33
20111010,41
20111011,41
20111012,42
20111013,42
20111014,41
20111015,43
20111017,48
20111018,48
20111019,48
20111020,54
20111021,66
20111022,60
20111024,62
20111025,62
20111026,71
20111027,67
20111028,66
20111029,63
20111031,62
20111101,62
20111102,62
20111103,63
20111104,60
20111105,65
20111107,65
20111108,65
20111109,59
20111110,60
20111111,60
20111112,60
20111114,54
20111115,54
20111116,55
20111117,52
20111118,46
20111119,45
20111121,43
20111122,41
20111123,39
20111125,51
20111126,51
20111128,57
20111129,62
20111130,67
20111201,61
20111202,67
20111203,68
20111205,66
20111206,66
20111207,66
20111208,66
20111209,65
20111210,64
20111212,62
20111213,56
20111214,61
20111215,61
20111216,60
20111217,66
20111219,74
20111220,74
20111221,74
20111222,78
20111223,77
20111224,77
20111227,75
20111228,75
20111229,75
20111230,75
20111231,76
20120103,77
20120104,77
20120105,78
20120106,78
20120107,80
20120109,81
20120110,82
20120111,83
20120112,83
20120113,83
20120114,85
20120117,88
20120118,90
20120119,89
20120120,88
20120121,88
20120123,87
20120124,87
20120125,84
20120126,82
20120127,82
20120128,82
20120130,82
20120131,85
20120201,87
20120202,88
20120203,88
20120204,88
20120206,88
20120207,86
20120208,86
20120209,85
20120210,83
20120211,83
20120213,83
20120214,81
20120215,82
20120216,81
20120217,80
20120218,80
20120221,79
20120222,78
20120223,79
20120224,79
20120225,77
20120227,75
20120228,75
20120229,72
20120301,70
20120302,68
20120303,67
20120305,66
20120306,63
20120307,62
20120308,63
20120309,70
20120310,70
20120312,74
20120313,79
20120314,79
20120315,79
20120316,77
20120317,76
20120319,73
20120320,73
20120321,71
20120322,66
20120323,71
20120324,70
20120326,66
20120327,66
20120328,62
20120329,62
20120330,63
20120331,63
20120402,63
20120403,61
20120404,63
20120405,55
20120407,48
20120409,46
20120410,39
20120411,39
20120412,38
20120413,38
20120414,38
20120416,37
20120417,37
20120418,36
20120419,35
20120420,35
20120421,35
20120423,34
20120424,34
20120425,38
20120426,40
20120427,41
20120428,43
20120430,43
20120501,42
20120502,42
20120503,41
20120504,41
20120505,36
20120507,38
20120508,32
20120509,32
20120510,32
20120511,25
20120512,27
20120514,23
20120515,20
20120516,14
20120517,12
20120518,12
20120519,14
20120521,16
20120522,15
20120523,15
20120524,14
20120525,13
20120526,15
20120529,14
20120530,12
20120531,10
20120601,10
20120602,11
20120604,14
20120605,14
20120606,15
20120607,16
20120608,19
20120609,19
20120611,20
20120612,22
20120613,19
20120614,27
20120615,35
20120616,35
20120618,36
20120619,36
20120620,36
20120621,33
20120622,33
20120623,30
20120625,39
20120626,41
20120627,41
20120628,48
20120629,53
20120630,57
20120702,56
20120703,59
20120705,55
20120706,51
20120707,52
20120709,46
20120710,48
20120711,44
20120712,44
20120713,45
20120714,45
20120716,48
20120717,52
20120718,52
20120719,51
20120720,51
20120721,46
20120723,47
20120724,41
20120725,51
20120726,55
20120727,61
20120728,57
20120730,57
20120731,55
20120801,55
20120802,49
20120803,63
20120804,65
20120806,71
20120807,70
20120808,73
20120809,75
20120810,70
20120811,73
20120813,75
20120814,74
20120815,72
20120816,78
20120817,79
20120818,78
20120820,75
20120821,74
20120822,74
20120823,72
20120824,70
20120825,68
20120827,68
20120828,68
20120829,63
20120830,63
20120831,59
20120901,61
20120904,71
20120905,74
20120906,76
20120907,83
20120908,80
20120910,78
20120911,86
20120912,84
20120913,91
20120914,93
20120915,92
20120917,92
20120918,92
20120919,92
20120920,93
20120921,93
20120922,82
20120924,81
20120925,81
20120926,70
20120927,76
20120928,71
20120929,74
20121001,72
20121002,75
20121003,76
20121004,77
20121005,78
20121006,69
20121008,72
20121009,66
20121010,59
20121011,56
20121012,56
20121013,60
20121015,54
20121016,63
20121017,61
20121018,53
20121019,56
20121020,51
20121022,56
20121023,42
20121024,45
20121025,41
20121026,40
20121027,41
20121031,45
20121101,50
20121102,50
20121103,48
20121105,46
20121106,47
20121107,45
20121108,40
20121109,39
20121110,36
20121112,35
20121113,37
20121114,31
20121115,28
20121116,28
20121117,33
20121119,38
20121120,42
20121121,39
20121123,47
20121124,46
20121126,47
20121127,49
20121128,49
20121129,52
20121130,50
20121201,43
20121203,45
20121204,45
20121205,45
20121206,45
20121207,51
20121208,55
20121210,55
20121211,55
20121212,58
20121213,60
20121214,57
20121215,63
20121217,64
20121218,67
20121219,64
20121220,59
20121221,56
20121222,56
20121224,51
20121226,58
20121227,58
20121228,66
20121229,67
20121231,66
20130102,68
20130103,69
20130104,82
20130105,80
20130107,82
20130108,80
20130109,81
20130110,85
20130111,85
20130112,84
20130114,86
20130115,89
20130116,85
20130117,86
20130118,89
20130119,86
20130122,89
20130123,92
20130124,92
20130125,91
20130126,91
20130128,93
20130129,94
20130130,93
20130131,89
20130201,88
20130202,84
20130204,80
20130205,88
20130206,81
20130207,85
20130208,83
20130209,82
20130211,82
20130212,82
20130213,83
20130214,87
20130215,84
20130216,83
20130219,81
20130220,79
20130221,68
20130222,78
20130223,66
20130225,62
20130226,61
20130227,56
20130228,61
20130301,60
20130302,60
20130304,60
20130305,71
20130306,69
20130307,73
20130308,82
20130309,73
20130311,79
20130312,77
20130313,77
20130314,79
20130315,77
20130316,71
20130318,70
20130319,73
20130320,69
20130321,69
20130322,69
20130323,70
20130325,70
20130326,68
20130327,70
20130328,72
20130330,68
20130401,63
20130402,63
20130403,59
20130404,55
20130405,52
20130406,59
20130408,53
20130409,56
20130410,56
20130411,57
20130412,57
20130413,53
20130415,41
20130416,52
20130417,47
20130418,35
20130419,41
20130420,43
20130422,42
20130423,46
20130424,48
20130425,53
20130426,53
20130427,53
20130429,60
20130430,61
20130501,62
20130502,63
20130503,64
20130504,67
20130506,73
20130507,78
20130508,77
20130509,76
20130510,77
20130511,77
20130513,80
20130514,86
20130515,87
20130516,85
20130517,91
20130518,86
20130520,83
20130521,83
20130522,83
20130523,80
20130524,75
20130525,81
20130528,67
20130529,66
20130530,72
20130531,60
20130601,58
20130603,55
20130604,48
20130605,32
20130606,34
20130607,40
20130608,35
20130610,34
20130611,31
20130612,30
20130613,30
20130614,29
20130615,26
20130617,24
20130618,24
20130619,21
20130620,19
20130621,19
20130622,15
20130624,18
20130625,19
20130626,20
20130627,21
20130628,22
20130629,23
20130701,25
20130702,29
20130703,30
20130705,38
20130706,34
20130708,40
20130709,48
20130710,49
20130711,51
20130712,61
20130713,53
20130715,60
20130716,62
20130717,57
20130718,62
20130719,68
20130720,63
20130722,63
20130723,65
20130724,64
20130725,62
20130726,64
20130727,63
20130729,59
20130730,62
20130731,61
20130801,68
20130802,62
20130803,64
20130805,61
20130806,54
20130807,47
20130808,52
20130809,44
20130810,51
20130812,50
20130813,50
20130814,46
20130815,43
20130816,39
20130817,38
20130819,32
20130820,26
20130821,26
20130822,32
20130823,27
20130824,26
20130826,25
20130827,18
20130828,24
20130829,23
20130830,20
20130831,23
20130903,17
20130904,28
20130905,33
20130906,36
20130907,32
20130909,43
20130910,52
20130911,47
20130912,46
20130913,48
20130914,48
20130916,50
20130917,54
20130918,56
20130919,62
20130920,57
20130921,56
20130923,49
20130924,48
20130925,47
20130926,39
20130927,41
20130928,39
20130930,35
20131001,40
20131002,35
20131003,29
20131004,34
20131005,31
20131007,27
20131008,20
20131009,29
20131010,35
20131011,31
20131012,35
20131014,39
20131015,39
20131016,46
20131017,48
20131018,56
20131019,50
20131021,53
20131022,55
20131023,61
20131024,62
20131025,62
20131026,62
20131028,64
20131029,64
20131030,64
20131031,66
20131101,67
20131102,67
20131104,68
20131105,68
20131106,68
20131107,68
20131108,68
20131109,68
20131111,67
20131112,69
20131113,70
20131114,70
20131115,71
20131116,71
20131118,71
20131119,67
20131120,68
20131121,68
20131122,68
20131123,66
20131125,66
20131126,64
20131127,67
20131129,70
20131130,67
20131202,66
20131203,65
20131204,65
20131205,57
20131206,63
20131207,63
20131209,53
20131210,52
20131211,51
20131212,43
20131213,38
20131214,48
20131216,45
20131217,38
20131218,49
20131219,50
20131220,52
20131221,54
20131223,61
20131224,66
20131226,63
20131227,72
20131228,70
20131230,70
20131231,77
20140102,71
20140103,66
20140104,66
20140106,64
20140107,67
20140108,64
20140109,68
20140110,66
20140111,65
20140113,61
20140114,68
20140115,65
20140116,63
20140117,59
20140118,57
20140121,62
20140122,45
20140123,46
20140124,27
20140125,22
20140127,25
20140128,29
20140129,20
20140130,18
20140131,20
20140201,14
20140203,13
20140204,15
20140205,20
20140206,17
20140207,22
20140208,23
20140210,28
20140211,29
20140212,32
20140213,32
20140214,30
20140215,40
20140218,42
20140219,39
20140220,45
20140221,48
20140222,48
20140224,55
20140225,57
20140226,58
20140227,62
20140228,56
20140301,59
20140303,63
20140304,66
20140305,78
20140306,80
20140307,81
20140308,80
20140310,81
20140311,76
20140312,57
20140313,49
20140314,44
20140315,47
20140317,49
20140318,51
20140319,53
20140320,54
20140321,56
20140322,54
20140324,49
20140325,43
20140326,43
20140327,34
20140328,36
20140329,42
20140331,50
20140401,51
20140402,53
20140403,51
20140404,49
20140405,45
20140407,35
20140408,34
20140409,31
20140410,31
20140411,21
20140412,21
20140414,23
20140415,23
20140416,28
20140417,28
20140419,34
20140421,38
20140422,40
20140423,40
20140424,39
20140425,35
20140426,34
20140428,34
20140429,34
20140430,33
20140501,30
20140502,32
20140503,33
20140505,34
20140506,34
20140507,33
20140508,33
20140509,42
20140510,42
20140512,45
20140513,39
20140514,38
20140515,28
20140516,28
20140517,28
20140519,26
20140520,21
20140521,29
20140522,36
20140523,37
20140524,37
20140527,40
20140528,42
20140529,42
20140530,45
20140531,53
20140602,58
20140603,66
20140604,66
20140605,81
20140606,81
20140607,88
20140609,89
20140610,90
20140611,88
20140612,83
20140613,85
20140614,85
20140616,87
20140617,88
20140618,94
20140619,95
20140620,95
20140621,95
20140623,93
20140624,83
20140625,83
20140626,77
20140627,76
20140628,77
20140630,87
20140701,87
20140702,87
20140703,86
20140705,85
20140707,68
20140708,74
20140709,62
20140710,56
20140711,57
20140712,58
20140714,59
20140715,56
20140716,55
20140717,32
20140718,46
20140719,41
20140721,37
20140722,38
20140723,39
20140724,42
20140725,34
20140726,34
20140728,34
20140729,31
20140730,26
20140731,10
20140801,5
20140802,7
20140804,5
20140805,5
20140806,5
20140807,5
20140808,10
20140809,9
20140811,7
20140812,8
20140813,13
20140814,16
20140815,14
20140816,18
20140818,26
20140819,31
20140820,37
20140821,36
20140822,37
20140823,34
20140825,35
20140826,36
20140827,33
20140828,33
20140829,41
20140830,43
20140902,48
20140903,48
20140904,47
20140905,50
20140906,49
20140908,47
20140909,42
20140910,45
20140911,44
20140912,43
20140913,41
20140915,38
20140916,37
20140917,42
20140918,37
20140919,36
20140920,32
20140922,22
20140923,18
20140924,17
20140925,8
20140926,13
20140927,13
20140929,11
20140930,12
20141001,7
20141002,3
20141003,5
20141004,4
20141006,5
20141007,6
20141008,4
20141009,3
20141010,1
20141011,2
20141013,0
20141014,2
20141015,1
20141016,2
20141017,7
20141018,6
20141020,5
20141021,7
20141022,8
20141023,11
20141024,13
20141025,13
20141027,16
20141028,21
20141029,25
20141030,31
20141031,32
20141101,38
20141103,40
20141104,40
20141105,49
20141106,49
20141107,55
20141108,55
20141110,57
20141111,58
20141112,56
20141113,54
20141114,53
20141115,53
20141117,53
20141118,54
20141119,55
20141120,59
20141121,59
20141122,62
20141124,62
20141125,62
20141126,63
20141128,59
20141129,57
20141201,55
20141202,55
20141203,59
20141204,59
20141205,61
20141206,59
20141208,55
20141209,46
20141210,41
20141211,37
20141212,31
20141213,24
20141215,22
20141216,19
20141217,21
20141218,33
20141219,33
20141220,39
20141222,43
20141223,45
20141224,47
20141226,48
20141227,48
20141229,47
20141230,47
20141231,45
20150102,37
20150103,35
20150105,30
20150106,21
20150107,21
20150108,28
20150109,29
20150110,29
20150112,30
20150113,29
20150114,30
20150115,30
20150116,26
20150117,26
20150120,25
20150121,28
20150122,32
20150123,31
20150124,30
20150126,28
20150127,28
20150128,26
20150129,26
20150130,25
20150131,27
20150202,30
20150203,46
20150204,42
20150205,50
20150206,52
20150207,50
20150209,52
20150210,54
20150211,61
20150212,64
20150213,73
20150214,69
20150217,77
20150218,79
20150219,77
20150220,80
20150221,79
20150223,77
20150224,75
20150225,77
20150226,78
20150227,74
20150228,74
20150302,74
20150303,66
20150304,66
20150305,65
20150306,58
20150307,58
20150309,58
20150310,52
20150311,44
20150312,46
20150313,39
20150314,42
20150316,42
20150317,40
20150318,39
20150319,43
20150320,43
20150321,47
20150323,48
20150324,44
20150325,44
20150326,37
20150327,36
20150328,37
20150330,37
20150331,37
20150401,35
20150402,40
20150404,43
20150406,43
20150407,48
20150408,48
20150409,56
20150410,56
20150411,61
20150413,60
20150414,60
20150415,60
20150416,57
20150417,57
20150418,54
20150420,55
20150421,59
20150422,59
20150423,64
20150424,66
20150425,62
20150427,59
20150428,61
20150429,61
20150430,53
20150501,61
20150502,59
20150504,61
20150505,58
20150506,58
20150507,53
20150508,58
20150509,55
20150511,53
20150512,49
20150513,55
20150514,57
20150515,57
20150516,62
20150518,62
20150519,62
20150520,64
20150521,64
20150522,60
20150523,59
20150526,50
20150527,47
20150528,47
20150529,43
20150530,44
20150601,40
20150602,43
20150603,45
20150604,44
20150605,40
20150606,38
20150608,36
20150609,36
20150610,37
20150611,41
20150612,30
20150613,36
20150615,26
20150616,27
20150617,26
20150618,34
20150619,30
20150620,33
20150622,42
20150623,49
20150624,36
20150625,34
20150626,33
20150627,27
20150629,8
20150630,11
20150701,18
20150702,16
20150704,15
20150706,13
20150707,13
20150708,9
20150709,12
20150710,14
20150711,19
20150713,24
20150714,24
20150715,30
20150716,30
20150717,34
20150718,34
20150720,34
20150721,25
20150722,20
20150723,15
20150724,15
20150725,11
20150727,7
20150728,17
20150729,21
20150730,21
20150731,20
20150801,21
20150803,24
20150804,28
20150805,21
20150806,18
20150807,10
20150808,12
20150810,9
20150811,12
20150812,9
20150813,11
20150814,11
20150815,12
20150817,14
20150818,13
20150819,13
20150820,8
20150821,8
20150822,4
20150824,3
20150825,9
20150826,12
20150827,13
20150828,14
20150829,14
20150831,14
20150901,9
20150902,13
20150903,11
20150904,10
20150905,11
20150908,13
20150909,13
20150910,15
20150911,14
20150912,14
20150914,13
20150915,16
20150916,16
20150917,16
20150918,18
20150919,23
20150921,23
20150922,31
20150923,31
20150924,22
20150925,18
20150926,18
20150928,15
20150929,13
20150930,21
20151001,18
20151002,24
20151003,24
20151005,31
20151006,36
20151007,37
20151008,42
20151009,43
20151010,43
20151012,41
20151013,35
20151014,35
20151015,41
20151016,45
20151017,45
20151019,47
20151020,51
20151021,50
20151022,55
20151023,59
20151024,59
20151026,61
20151027,69
20151028,69
20151029,71
20151030,70
20151031,71
20151102,73
20151103,73
20151104,72
20151105,73
20151106,71
20151107,71
20151109,66
20151110,66
20151111,63
20151112,59
20151113,50
20151114,50
20151116,48
20151117,51
20151118,51
20151119,52
20151120,53
20151121,53
20151123,53
20151124,56
20151125,59
20151127,58
20151128,58
20151130,58
20151201,55
20151202,55
20151203,55
20151204,55
20151205,53
20151207,38
20151208,42
20151209,35
20151210,36
20151211,25
20151212,29
20151214,30
20151215,35
20151216,46
20151217,37
20151218,37
20151219,32
20151221,35
20151222,36
20151223,43
20151224,42
20151226,44
20151228,48
20151229,48
20151230,46
20151231,46
20160102,45
20160104,43
20160105,35
20160106,35
20160107,27
20160108,26
20160109,26
20160111,17
20160112,16
20160113,18
20160114,15
20160115,10
20160116,14
20160119,9
20160120,11
20160121,13
20160122,14
20160123,13
20160125,15
20160126,16
20160127,18
20160128,18
20160129,26
20160130,24
20160201,26
20160202,26
20160203,24
20160204,25
20160205,17
20160206,19
20160208,17
20160209,15
20160210,17
20160211,18
20160212,21
20160213,21
20160216,29
20160217,37
20160218,43
20160219,43
20160220,51
20160222,50
20160223,50
20160224,53
20160225,53
20160226,52
20160227,55
20160229,55
20160301,61
20160302,66
20160303,69
20160304,68
20160305,71
20160307,71
20160308,70
20160309,71
20160310,72
20160311,75
20160312,73
20160314,74
20160315,75
20160316,75
20160317,78
20160318,79
20160319,79
20160321,76
20160322,76
20160323,70
20160324,72
20160326,66
20160328,64
20160329,67
20160330,67
20160331,71
20160401,74
20160402,74
20160404,73
20160405,72
20160406,72
20160407,72
20160408,68
20160409,67
20160411,66
20160412,66
20160413,70
20160414,70
20160415,70
20160416,71
20160418,72
20160419,73
20160420,75
20160421,75
20160422,74
20160423,73
20160425,71
20160426,71
20160427,72
20160428,70
20160429,67
20160430,67
20160502,69
20160503,63
20160504,63
20160505,60
20160506,60
20160507,59
20160509,60
20160510,62
20160511,62
20160512,61
20160513,59
20160514,58
20160516,58
20160517,54
20160518,56
20160519,54
20160520,55
20160521,55
20160523,57
20160524,63
20160525,68
20160526,74
20160527,78
20160528,76
20160531,77
20160601,78
20160602,79
20160603,77
20160604,78
20160606,79
20160607,80
20160608,80
20160609,79
20160610,63
20160611,69
20160613,54
20160614,54
20160615,53
20160616,50
20160617,53
20160618,56
20160620,60
20160621,61
20160622,61
20160623,66
20160624,44
20160625,59
20160627,45
20160628,48
20160629,58
20160630,62
20160701,71
20160702,69
20160705,69
20160706,69
20160707,69
20160708,75
20160709,74
20160711,80
20160712,86
20160713,86
20160714,90
20160715,88
20160716,89
20160718,89
20160719,89
20160720,88
20160721,87
20160722,85
20160723,85
20160725,85
20160726,82
20160727,84
20160728,82
20160729,80
20160730,80
20160801,64
20160802,78
20160803,80
20160804,81
20160805,85
20160806,83
20160808,80
20160809,75
20160810,78
20160811,78
20160812,75
20160813,78
20160815,78
20160816,78
20160817,77
20160818,78
20160819,76
20160820,75
20160822,74
20160823,75
20160824,70
20160825,65
20160826,63
20160827,64
20160829,64
20160830,64
20160831,62
20160901,63
20160902,63
20160903,64
20160906,65
20160907,64
20160908,69
20160909,47
20160910,51
20160912,55
20160913,36
20160914,34
20160915,39
20160916,44
20160917,42
20160919,45
20160920,45
20160921,54
20160922,59
20160923,53
20160924,49
20160926,47
20160927,45
20160928,45
20160929,44
20160930,43
20161001,43
20161003,45
20161004,49
20161005,49
20161006,52
20161007,55
20161008,53
20161010,55
20161011,47
20161012,45
20161013,34
20161014,33
20161015,37
20161017,33
20161018,38
20161019,41
20161020,38
20161021,44
20161022,44
20161024,49
20161025,49
20161026,43
20161027,46
20161028,33
20161029,37
20161031,26
20161101,22
20161102,18
20161103,14
20161104,14
20161105,19
20161107,34
20161108,30
20161109,42
20161110,38
20161111,48
20161112,51
20161114,57
20161115,63
20161116,60
20161117,63
20161118,61
20161119,64
20161121,68
20161122,67
20161123,70
20161125,71
20161126,71
20161128,72
20161129,72
20161130,73
20161201,71
20161202,71
20161203,72
20161205,75
20161206,79
20161207,83
20161208,83
20161209,86
20161210,86
20161212,87
20161213,86
20161214,86
20161215,86
20161216,84
20161217,82
20161219,79
20161220,75
20161221,75
20161222,71
20161223,66
20161224,68
20161227,70
20161228,66
20161229,65
20161230,58
20161231,63
20170103,70
20170104,70
20170105,70
20170106,68
20170107,68
20170109,62
20170110,62
20170111,61
20170112,55
20170113,58
20170114,57
20170117,58
20170118,55
20170119,53
20170120,53
20170121,54
20170123,55
20170124,59
20170125,55
20170126,58
20170127,60
20170128,57
20170130,55
20170131,54
20170201,55
20170202,51
20170203,60
20170204,55
20170206,57
20170207,57
20170208,61
20170209,66
20170210,70
20170211,68
20170213,72
20170214,78
20170215,80
20170216,79
20170217,78
20170218,78
20170221,83
20170222,80
20170223,75
20170224,68
20170225,72
20170227,71
20170228,64
20170301,81
20170302,78
20170303,77
20170304,73
20170306,69
20170307,65
20170308,65
20170309,62
20170310,65
20170311,60
20170313,64
20170314,58
20170315,50
20170316,51
20170317,45
20170318,45
20170320,43
20170321,37
20170322,32
20170323,31
20170324,31
20170325,30
20170327,27
20170328,39
20170329,39
20170330,43
20170331,47
20170401,46
20170403,45
20170404,43
20170405,43
20170406,43
20170407,40
20170408,36
20170410,32
20170411,31
20170412,28
20170413,25
20170415,27
20170417,30
20170418,32
20170419,30
20170420,34
20170421,37
20170422,37
20170424,39
20170425,46
20170426,48
20170427,50
20170428,49
20170429,49
20170501,51
20170502,47
20170503,47
20170504,45
20170505,47
20170506,48
20170508,55
20170509,61
20170510,61
20170511,63
20170512,62
20170513,62
20170515,54
20170516,66
20170517,45
20170518,47
20170519,49
20170520,49
20170522,52
20170523,49
20170524,54
20170525,57
20170526,58
20170527,56
20170530,52
20170531,50
20170601,58
20170602,57
20170603,57
20170605,58
20170606,55
20170607,55
20170608,55
20170609,54
20170610,54
20170612,53
20170613,55
20170614,52
20170615,52
20170616,50
20170617,54
20170619,57
20170620,50
20170621,47
20170622,50
20170623,52
20170624,52
20170626,53
20170627,48
20170628,60
20170629,47
20170630,49
20170701,50
20170703,52
20170705,57
20170706,44
20170707,49
20170708,47
20170710,46
20170711,44
20170712,47
20170713,54
20170714,64
20170715,64
20170717,67
20170718,74
20170719,69
20170720,73
20170721,73
20170722,75
20170724,73
20170725,70
20170726,75
20170727,73
20170728,69
20170729,67
20170731,66
20170801,66
20170802,61
20170803,59
20170804,64
20170805,61
20170807,58
20170808,52
20170809,41
20170810,31
20170811,25
20170812,31
20170814,36
20170815,27
20170816,32
20170817,17
20170818,17
20170819,18
20170821,15
20170822,23
20170823,19
20170824,22
20170825,29
20170826,29
20170828,35
20170829,29
20170830,34
20170831,43
20170901,49
20170902,45
20170905,62
20170906,41
20170907,38
20170908,38
20170909,45
20170911,59
20170912,59
20170913,67
20170914,68
20170915,77
20170916,78
20170918,80
20170919,81
20170920,79
20170921,73
20170922,70
20170923,68
20170925,72
20170926,67
20170927,73
20170928,79
20170929,84
20170930,89
20171002,91
20171003,92
20171004,91
20171005,94
20171006,92
20171007,86
20171009,84
20171010,85
20171011,83
20171012,79
20171013,74
20171014,76
20171016,78
20171017,78
20171018,82
20171019,83
20171020,89
20171021,87
20171023,80
20171024,75
20171025,75
20171026,71
20171027,74
20171028,69
20171030,65
20171031,69
20171101,69
20171102,66
20171103,66
20171104,62
20171106,58
20171107,61
20171108,54
20171109,54
20171110,59
20171111,56
20171113,49
20171114,49
20171115,36
20171116,50
20171117,44
20171118,48
20171120,51
20171121,54
20171122,54
20171124,59
20171125,58
20171127,51
20171128,60
20171129,67
20171130,73
20171201,70
20171202,66
20171204,64
20171205,60
20171206,62
20171207,60
20171208,62
20171209,62
20171211,62
20171212,67
20171213,67
20171214,69
20171215,68
20171216,73
20171218,74
20171219,72
20171220,72
20171221,68
20171222,66
20171223,65
20171226,64
20171227,61
20171228,58
20171229,53
20171230,58
20180102,67
20180103,67
20180104,72
20180105,75
20180106,74
20180108,75
20180109,75
20180110,75
20180111,77
20180112,79
20180113,78
20180116,75
20180117,75
20180118,72
20180119,80
20180120,79
20180122,78
20180123,78
20180124,78
20180125,77
20180126,79
20180127,76
20180129,62
20180130,61
20180131,61
20180201,58
20180202,17
20180203,43
20180205,18
20180206,18
20180207,16
20180208,10
20180209,10
20180210,10
20180212,13
20180213,10
20180214,15
20180215,18
20180216,18
20180217,17
20180220,17
20180221,15
20180222,18
20180223,18
20180224,18
20180226,20
20180227,17
20180228,15
20180301,8
20180302,10
20180303,11
20180305,14
20180306,26
20180307,23
20180308,25
20180309,44
20180310,40
20180312,40
20180313,36
20180314,29
20180315,21
20180316,19
20180317,18
20180319,14
20180320,16
20180321,16
20180322,11
20180323,7
20180324,8
20180326,8
20180327,6
20180328,7
20180329,8
20180331,8
20180402,7
20180403,9
20180404,11
20180405,13
20180406,9
20180407,11
20180409,12
20180410,14
20180411,18
20180412,22
20180413,23
20180414,23
20180416,25
20180417,28
20180418,32
20180419,32
20180420,38
20180421,38
20180423,40
20180424,32
20180425,38
20180426,42
20180427,40
20180428,41
20180430,42
20180501,38
20180502,39
20180503,32
20180504,40
20180505,42
20180507,41
20180508,49
20180509,49
20180510,53
20180511,54
20180512,54
20180514,54
20180515,55
20180516,53
20180517,53
20180518,52
20180519,54
20180521,56
20180522,59
20180523,54
20180524,48
20180525,44
20180526,42
20180529,34
20180530,42
20180531,43
20180601,52
20180602,53
20180604,55
20180605,58
20180606,65
20180607,62
20180608,63
20180609,63
20180611,64
20180612,65
20180613,64
20180614,63
20180615,61
20180616,61
20180618,61
20180619,53
20180620,57
20180621,52
20180622,52
20180623,51
20180625,42
20180626,47
20180627,36
20180628,39
20180629,34
20180630,35
20180702,35
20180703,32
20180705,33
20180706,40
20180707,41
20180709,47
20180710,45
20180711,41
20180712,49
20180713,47
20180714,46
20180716,45
20180717,49
20180718,56
20180719,50
20180720,53
20180721,55
20180723,58
20180724,64
20180725,70
20180726,72
20180727,67
20180728,66
20180730,64
20180731,66
20180801,66
20180802,68
20180803,71
20180804,71
20180806,72
20180807,73
20180808,74
20180809,70
20180810,56
20180811,58
20180813,56
20180814,58
20180815,46
20180816,51
20180817,54
20180818,54
20180820,61
20180821,61
20180822,61
20180823,59
20180824,68
20180825,72
20180827,77
20180828,78
20180829,78
20180830,73
20180831,71
20180901,71
20180904,67
20180905,62
20180906,53
20180907,52
20180908,54
20180910,56
20180911,59
20180912,59
20180913,72
20180914,73
20180915,70
20180917,67
20180918,73
20180919,71
20180920,74
20180921,75
20180922,72
20180924,70
20180925,64
20180926,53
20180927,48
20180928,47
20180929,48
20181001,49
20181002,45
20181003,51
20181004,43
20181005,33
20181006,30
20181008,28
20181009,23
20181010,8
20181011,5
20181012,11
20181013,11
20181015,11
20181016,13
20181017,14
20181018,12
20181019,14
20181020,14
20181022,16
20181023,12
20181024,6
20181025,9
20181026,7
20181027,8
20181029,7
20181030,7
20181031,7
20181101,6
20181102,8
20181103,8
20181105,9
20181106,12
20181107,25
20181108,29
20181109,18
20181110,15
20181112,11
20181113,10
20181114,7
20181115,10
20181116,10
20181117,9
20181119,8
20181120,7
20181121,13
20181123,9
20181124,9
20181126,17
20181127,19
20181128,21
20181129,23
20181130,22
20181201,25
20181203,20
20181204,20
20181206,15
20181207,11
20181208,11
20181210,9
20181211,8
20181212,10
20181213,11
20181214,8
20181215,9
20181217,10
20181218,8
20181219,8
20181220,5
20181221,3
20181222,3
20181224,2
20181226,4
20181227,8
20181228,12
20181229,12
20181231,12
20190102,12
20190103,10
20190104,16
20190105,14
20190107,19
20190108,22
20190109,27
20190110,31
20190111,30
20190112,30
20190114,28
20190115,31
20190116,36
20190117,44
20190118,51
20190119,50
20190122,51
20190123,55
20190124,58
20190125,58
20190126,56
20190128,55
20190129,55
20190130,58
20190131,58
20190201,61
20190202,61
20190204,62
20190205,64
20190206,63
20190207,63
20190208,63
20190209,63
20190211,62
20190212,67
20190213,65
20190214,67
20190215,67
20190216,68
20190219,69
20190220,70
20190221,70
20190222,69
20190223,69
20190225,70
20190226,70
20190227,72
20190228,72
20190301,71
20190302,69
20190304,65
20190305,63
20190306,61
20190307,58
20190308,55
20190309,58
20190311,59
20190312,59
20190313,60
20190314,60
20190315,65
20190316,63
20190318,67
20190319,67
20190320,64
20190321,64
20190322,59
20190323,60
20190325,55
20190326,51
20190327,52
20190328,48
20190329,49
20190330,51
20190401,56
20190402,56
20190403,64
20190404,70
20190405,74
20190406,73
20190408,72
20190409,70
20190410,72
20190411,68
20190412,72
20190413,72
20190415,70
20190416,69
20190417,71
20190418,70
20190420,70
20190422,71
20190423,73
20190424,70
20190425,71
20190426,72
20190427,71
20190429,69
20190430,65
20190501,65
20190502,59
20190503,58
20190504,58
20190506,40
20190507,42
20190508,42
20190509,40
20190510,41
20190511,38
20190513,35
20190514,35
20190515,35
20190516,37
20190517,36
20190518,35
20190520,33
20190521,34
20190522,32
20190523,28
20190524,27
20190525,27
20190528,23
20190529,25
20190530,24
20190531,24
20190601,24
20190603,25
20190604,28
20190605,29
20190606,29
20190607,32
20190608,35
20190610,37
20190611,36
20190612,34
20190613,39
20190614,38
20190615,38
20190617,40
20190618,44
20190619,42
20190620,45
20190621,52
20190622,48
20190624,50
20190625,44
20190626,48
20190627,47
20190628,50
20190629,51
20190701,55
20190702,62
20190703,62
20190705,61
20190706,60
20190708,59
20190709,56
20190710,58
20190711,62
20190712,64
20190713,60
20190715,57
20190716,55
20190717,47
20190718,47
20190719,44
20190720,45
20190722,44
20190723,50
20190724,57
20190725,55
20190726,60
20190727,57
20190729,58
20190730,53
20190731,48
20190801,43
20190802,36
20190803,34
20190805,22
20190806,27
20190807,25
20190808,25
20190809,25
20190810,25
20190812,23
20190813,27
20190814,21
20190815,19
20190816,20
20190817,23
20190819,26
20190820,23
20190821,25
20190822,25
20190823,18
20190824,19
20190826,19
20190827,16
20190828,18
20190829,26
20190830,23
20190831,25
20190903,25
20190904,28
20190905,39
20190906,35
20190907,44
20190909,45
20190910,55
20190911,57
20190912,65
20190913,68
20190914,68
20190916,67
20190917,66
20190918,66
20190919,63
20190920,58
20190921,60
20190923,59
20190924,54
20190925,59
20190926,57
20190927,52
20190928,52
20190930,54
20191001,48
20191002,34
20191003,29
20191004,32
20191005,31
20191007,30
20191008,29
20191009,30
20191010,36
20191011,42
20191012,41
20191014,42
20191015,42
20191016,47
20191017,50
20191018,50
20191019,53
20191021,56
20191022,59
20191023,55
20191024,57
20191025,62
20191026,65
20191028,67
20191029,71
20191030,75
20191031,72
20191101,80
20191102,78
20191104,86
20191105,89
20191106,88
20191107,91
20191108,91
20191109,90
20191111,89
20191112,88
20191113,87
20191114,83
20191115,87
20191116,85
20191118,83
20191119,80
20191120,74
20191121,70
20191122,69
20191123,69
20191125,70
20191126,69
20191127,78
20191129,79
20191130,75
20191202,74
20191203,63
20191204,67
20191205,67
20191206,70
20191207,68
20191209,68
20191210,65
20191211,61
20191212,74
20191213,75
20191214,77
20191216,82
20191217,85
20191218,87
20191219,90
20191220,91
20191221,91
20191223,92
20191224,91
20191226,93
20191227,91
20191228,91
20191230,90
20191231,93
20200101,93
20200102,97
20200103,93
20200106,93
20200107,89
20200108,92
20200109,93
20200110,91
20200113,90
20200114,90
20200115,88